{
  "results": [
    {
      "command": "./solver data/input/s6-01.txt export/s6-01.txt",
      "mean": 0.018412933713138693,
      "stddev": 0.0017312482280162954,
      "median": 0.0180566311,
      "user": 0.016802158102189792,
      "system": 0.0011319287591240873,
      "min": 0.016113656100000002,
      "max": 0.0253254751,
      "times": [
        0.019450700100000003,
        0.019646933100000003,
        0.018686988100000003,
        0.0170505271,
        0.018774634100000003,
        0.0197600531,
        0.018139001100000003,
        0.017570891100000003,
        0.0172724601,
        0.0164307191,
        0.016704618100000002,
        0.021698602100000002,
        0.016113656100000002,
        0.0166658421,
        0.0226191851,
        0.0212612631,
        0.0162784381,
        0.016796646100000003,
        0.017226211100000003,
        0.019875460100000002,
        0.0223826771,
        0.019204603100000002,
        0.019693686100000003,
        0.019726702100000004,
        0.0186095221,
        0.0173336281,
        0.0175241811,
        0.0204425911,
        0.0184093071,
        0.018613106100000002,
        0.0176292761,
        0.0174203911,
        0.017431622100000002,
        0.016408536100000003,
        0.016885124100000003,
        0.020256795100000002,
        0.017682241100000003,
        0.0185360661,
        0.019993217100000002,
        0.018684714100000003,
        0.0180961871,
        0.0174383071,
        0.020345488100000003,
        0.018916201100000002,
        0.017374321100000003,
        0.018075218100000002,
        0.0193802461,
        0.017653661100000002,
        0.017239862100000003,
        0.0177023951,
        0.0174538261,
        0.0179780701,
        0.016293266100000002,
        0.016139691100000002,
        0.016312855100000002,
        0.016548210100000002,
        0.0177140951,
        0.0181417681,
        0.0170651741,
        0.0162703681,
        0.0187047241,
        0.0218274601,
        0.017300391100000003,
        0.017406514100000003,
        0.021049744100000004,
        0.0164392751,
        0.0177405651,
        0.0174618721,
        0.018449419100000003,
        0.0188115651,
        0.0184229451,
        0.022874464100000002,
        0.0194569771,
        0.018815608100000002,
        0.016768626100000003,
        0.0176814681,
        0.0165708341,
        0.0208519271,
        0.0178637941,
        0.0184625521,
        0.0176552401,
        0.017790887100000003,
        0.018686476100000002,
        0.0175905431,
        0.017678584100000002,
        0.0253254751,
        0.0178266961,
        0.0186457351,
        0.0182775391,
        0.018138542100000002,
        0.019764441100000002,
        0.0163363781,
        0.0164945761,
        0.0181125751,
        0.0180566311,
        0.019728531100000002,
        0.020654483100000003,
        0.0175836381,
        0.017586077100000003,
        0.0190330701,
        0.018972872100000003,
        0.019422292100000002,
        0.0164548771,
        0.0177698991,
        0.018579211100000003,
        0.0182765041,
        0.0182050511,
        0.018962380100000002,
        0.023855078100000003,
        0.019316090100000002,
        0.0173406171,
        0.0201137241,
        0.016225532100000002,
        0.0167179621,
        0.018261162100000002,
        0.019308429100000003,
        0.0175784491,
        0.017617013100000002,
        0.016875350100000002,
        0.018494216100000002,
        0.022079521100000003,
        0.017189993100000002,
        0.017578881100000002,
        0.019628425100000003,
        0.018164933100000002,
        0.0168962221,
        0.017492783100000003,
        0.017622396100000003,
        0.0186433711,
        0.0171842951,
        0.0170696561,
        0.017958179100000003,
        0.016937248100000003,
        0.0231282161,
        0.018539082100000003,
        0.023703607100000003,
        0.017451527100000003
      ],
      "exit_codes": [
        0,
        0,
        0,
        0,
        0,
        0,
        0,
        0,
        0,
        0,
        0,
        0,
        0,
        0,
        0,
        0,
        0,
        0,
        0,
        0,
        0,
        0,
        0,
        0,
        0,
        0,
        0,
        0,
        0,
        0,
        0,
        0,
        0,
        0,
        0,
        0,
        0,
        0,
        0,
        0,
        0,
        0,
        0,
        0,
        0,
        0,
        0,
        0,
        0,
        0,
        0,
        0,
        0,
        0,
        0,
        0,
        0,
        0,
        0,
        0,
        0,
        0,
        0,
        0,
        0,
        0,
        0,
        0,
        0,
        0,
        0,
        0,
        0,
        0,
        0,
        0,
        0,
        0,
        0,
        0,
        0,
        0,
        0,
        0,
        0,
        0,
        0,
        0,
        0,
        0,
        0,
        0,
        0,
        0,
        0,
        0,
        0,
        0,
        0,
        0,
        0,
        0,
        0,
        0,
        0,
        0,
        0,
        0,
        0,
        0,
        0,
        0,
        0,
        0,
        0,
        0,
        0,
        0,
        0,
        0,
        0,
        0,
        0,
        0,
        0,
        0,
        0,
        0,
        0,
        0,
        0,
        0,
        0,
        0,
        0,
        0,
        0
      ]
    },
    {
      "command": "./solver data/input/s6-02.txt export/s6-02.txt",
      "mean": 0.355056191,
      "stddev": 0.01647933342624302,
      "median": 0.34798203510000003,
      "user": 0.34567568,
      "system": 0.0019303519999999998,
      "min": 0.34275168710000004,
      "max": 0.39593190710000004,
      "times": [
        0.3481333321,
        0.3498293381,
        0.39593190710000004,
        0.3449686381,
        0.3585540191,
        0.3478256731,
        0.34783073810000004,
        0.3447692361,
        0.34275168710000004,
        0.3699673411
      ],
      "exit_codes": [
        0,
        0,
        0,
        0,
        0,
        0,
        0,
        0,
        0,
        0
      ]
    },
    {
      "command": "./solver data/input/s6-03.txt export/s6-03.txt",
      "mean": 0.11728166147500002,
      "stddev": 0.0034962840708199563,
      "median": 0.1165726326,
      "user": 0.11256509666666664,
      "system": 0.00245196,
      "min": 0.1112092461,
      "max": 0.1284214081,
      "times": [
        0.11996304910000001,
        0.11522537610000001,
        0.11608456710000001,
        0.11588963610000001,
        0.11481514710000001,
        0.11557651410000001,
        0.11862207410000002,
        0.1112092461,
        0.11821106210000001,
        0.11524778610000001,
        0.11505709010000001,
        0.11716653810000001,
        0.1284214081,
        0.12160739710000001,
        0.12269545910000001,
        0.1155651911,
        0.1199961461,
        0.11616084010000001,
        0.11297575010000001,
        0.11771405210000001,
        0.11701176310000001,
        0.11698442510000001,
        0.1148382351,
        0.1177211221
      ],
      "exit_codes": [
        0,
        0,
        0,
        0,
        0,
        0,
        0,
        0,
        0,
        0,
        0,
        0,
        0,
        0,
        0,
        0,
        0,
        0,
        0,
        0,
        0,
        0,
        0,
        0
      ]
    },
    {
      "command": "./solver data/input/s6-04.txt export/s6-04.txt",
      "mean": 0.024282389977777784,
      "stddev": 0.0031122373453571586,
      "median": 0.023658621600000002,
      "user": 0.021909646666666668,
      "system": 0.0009550804444444442,
      "min": 0.0209135511,
      "max": 0.0409344491,